Username,Password,OU,Department,FirstName,Initials,LastName,Mobile,Email,StreetAddress,City,State,ZipCode,Country,EmployeeID
Ebony.Kelly,[sG7cKC+,"OU=Marketing,DC=labdomain,DC=com",Marketing,Ebony,B,Kelly,580-305-2429,Ebony.Kelly@activedirectorypro.com,4818 Luke Lane,Tulsa,OK,74120,US,1010
Karen.Spies,+u(?dB8U,"OU=Marketing,DC=labdomain,DC=com",Marketing,Karen,J,Spies,715-787-6608,Karen.Spies@activedirectorypro.com,450 Tea Berry Lane,Gresham,WI,54128,US,1011
Robert.Slade,_.q*D4b.,"OU=Marketing,DC=labdomain,DC=com",Marketing,Robert,L,Slade,812-472-0040,Robert.Slade@activedirectorypro.com,2404 Lucy Lane,Fredericksburg,IN,47120,US,1012
Adam.Anderson,2cFW.$Ns,"OU=Marketing,DC=labdomain,DC=com",Marketing,Adam,A,Anderson,781-847-9355,Adam.Anderson@activedirectorypro.com,678 Hillcrest Avenue,Boston,MA,2210,US,1013
Debbie.Alexander,)_-!R!6t,"OU=Marketing,DC=labdomain,DC=com",Marketing,Debbie,K,Alexander,712-279-0390,Debbie.Alexander@activedirectorypro.com,2360 Woodland Drive,Sioux City,IA,51101,US,1014
Aimee.Delk,e_gH-4)$,"OU=Marketing,DC=labdomain,DC=com",Marketing,Aimee,P,Delk,720-621-1477,Aimee.Delk@activedirectorypro.com,3600 Clay Lick Road,Denver,CO,80239,US,1015
Edward.Gordon,z7F$^RT5,"OU=Marketing,DC=labdomain,DC=com",Marketing,Edward,A,Gordon,937-848-5461,Edward.Gordon@activedirectorypro.com,760 Crim Lane,Bellbrook,OH,45305,US,1016
Joe.Sims,2Uf+f@[g,"OU=Marketing,DC=labdomain,DC=com",Marketing,Joe,B,Sims,317-554-4675,Joe.Sims@activedirectorypro.com,4793 Barfield Lane,Indianapolis,IN,46225,US,1017
John.Teague,Uar}zF7m,"OU=Marketing,DC=labdomain,DC=com",Marketing,John,S,Teague,660-287-1168,John.Teague@activedirectorypro.com,2853 Fairmont Avenue,Kansas City,MO,64106,US,1018
Ramona.Quintana,Kr^]5p.H,"OU=Marketing,DC=labdomain,DC=com",Marketing,Ramona,R,Quintana,810-610-4129,Ramona.Quintana@activedirectorypro.com,4070 Perry Street,Detroit,MI,48226,US,1019
Cory.Wilson,]wG$HnX3,"OU=Marketing,DC=labdomain,DC=com",Marketing,Cory,J,Wilson,225-362-5827,Cory.Wilson@activedirectorypro.com,1809 Washburn Street,Baton Rouge,LA,70814,US,1020
Clarence.Olson,Lb5Z*w9b,"OU=Marketing,DC=labdomain,DC=com",Marketing,Clarence,J,Olson,859-685-3689,Clarence.Olson@activedirectorypro.com,4571 Mayo Street,Lexington,KY,40507,US,1021
Jill.Glass,7]dw}?Cv,"OU=Marketing,DC=labdomain,DC=com",Marketing,Jill,C,Glass,256-438-9841,Jill.Glass@activedirectorypro.com,4204 Turnpike Drive,Birmingham,AL,35222,US,1022
Jason.Muir,zdk@L8{F,"OU=Marketing,DC=labdomain,DC=com",Marketing,Jason,S,Muir,610-766-9858,Jason.Muir@activedirectorypro.com,3051 Lyndon Street,Philadelphia,PA,19146,US,1023
Christopher.Sisco,?z7&jh[S,"OU=Marketing,DC=labdomain,DC=com",Marketing,Christopher,D,Sisco,574-248-2831,Christopher.Sisco@activedirectorypro.com,618 Sharon Lane,Plymouth,IN,46563,US,1024
Samuel.Thomas,Pdc8_[X&,"OU=Marketing,DC=labdomain,DC=com",Marketing,Samuel,M,Thomas,770-578-7561,Samuel.Thomas@activedirectorypro.com,4128 Lakeland Park Drive,Marietta,GA,30062,US,1025
Nigel.Caldwell,/Q7N_duX,"OU=Marketing,DC=labdomain,DC=com",Marketing,Nigel,E,Caldwell,201-829-2373,Nigel.Caldwell@activedirectorypro.com,2296 Lakewood Drive,Secaucus,NJ,7094,US,1026
Donna.Holleran,Gw@2/n5f,"OU=Marketing,DC=labdomain,DC=com",Marketing,Donna,C,Holleran,814-487-9372,Donna.Holleran@activedirectorypro.com,3487 Stutler Lane,Beaverdale,PA,15952,US,1027
William.Magill,3-fvW_E-,"OU=Marketing,DC=labdomain,DC=com",Marketing,William,D,Magill,417-859-8831,William.Magill@activedirectorypro.com,2519 Briarwood Road,Marshfield,MO,65706,US,1028
Nicole.Benson,J{bN4MZY,"OU=Marketing,DC=labdomain,DC=com",Marketing,Nicole,C,Benson,865-281-6474,Nicole.Benson@activedirectorypro.com,3315 Wiseman Street,Knoxville,TN,37918,US,1029
Louise.Quinn,2NJ>e@c3,"OU=Marketing,DC=labdomain,DC=com",Marketing,Louise,J,Quinn,703-820-9799,Louise.Quinn@activedirectorypro.com,2466 Perine Street,Arlington,VA,22206,US,1030
Elaine.Thompson,(n7e_5Kh,"OU=Marketing,DC=labdomain,DC=com",Marketing,Elaine,D,Thompson,954-438-4960,Elaine.Thompson@activedirectorypro.com,2132 West Fork Drive,Hollywood,FL,33024,US,1031
Paul.Gonzalez,]snyC_7x,"OU=Marketing,DC=labdomain,DC=com",Marketing,Paul,S,Gonzalez,502-827-3609,Paul.Gonzalez@activedirectorypro.com,4354 Karen Lane,Radcliff,KY,40180,US,1032
Jesus.Basile,Vjh4tBe[,"OU=Marketing,DC=labdomain,DC=com",Marketing,Jesus,L,Basile,813-713-5503,Jesus.Basile@activedirectorypro.com,4221 Saints Alley,Polk City,FL,33868,US,1033
Stacy.Miller,h@Vb3dQA,"OU=Marketing,DC=labdomain,DC=com",Marketing,Stacy,F,Miller,409-916-8768,Stacy.Miller@activedirectorypro.com,1414 Lynn Ogden Lane,Texas City,TX,77591,US,1034
Charles.Robertson,qeY}Ey3Y,"OU=Marketing,DC=labdomain,DC=com",Marketing,Charles,C,Robertson,707-568-4556,Charles.Robertson@activedirectorypro.com,1380 Marietta Street,Santa Rosa,CA,95401,US,1035
George.Mosely,V6]X}$xe,"OU=Marketing,DC=labdomain,DC=com",Marketing,George,L,Mosely,703-392-5629,George.Mosely@activedirectorypro.com,1455 Golf Course Drive,Manassas,VA,22110,US,1036
Virginia.Norris,fKn2!Zfw,"OU=Marketing,DC=labdomain,DC=com",Marketing,Virginia,L,Norris,267-374-7677,Virginia.Norris@activedirectorypro.com,2360 Valley Drive,Plymouth Meeting,PA,19462,US,1037
Matthew.Gilligan,/X*{7Gq$,"OU=Marketing,DC=labdomain,DC=com",Marketing,Matthew,D,Gilligan,508-282-0872,Matthew.Gilligan@activedirectorypro.com,3370 Stadium Drive,Brockton,MA,2402,US,1038
Mary.Barnett,d6j[3_Yp,"OU=Marketing,DC=labdomain,DC=com",Marketing,Mary,R,Barnett,808-550-0871,Mary.Barnett@activedirectorypro.com,3302 Arron Smith Drive,Honolulu,HI,96813,US,1039
Alva.Wood,$J7n4xKK,"OU=Marketing,DC=labdomain,DC=com",Marketing,Alva,E,Wood,720-532-9845,Alva.Wood@activedirectorypro.com,4175 Clay Lick Road,Aurora,CO,80014,US,1040
Eric.Seifert,YTs*MRG8,"OU=Marketing,DC=labdomain,DC=com",Marketing,Eric,E,Seifert,631-539-1213,Eric.Seifert@activedirectorypro.com,4053 Abia Martin Drive,Bethpage,NY,11714,US,1041
Martha.Morales,DT6>Axq.,"OU=Marketing,DC=labdomain,DC=com",Marketing,Martha,R,Morales,386-658-8566,Martha.Morales@activedirectorypro.com,2181 Spirit Drive,Dowling Park,FL,32060,US,1042
Jackie.Harris,qs$t87R*,"OU=Marketing,DC=labdomain,DC=com",Marketing,Jackie,D,Harris,267-508-3863,Jackie.Harris@activedirectorypro.com,400 Quincy Street,Philadelphia,PA,19108,US,1043
Mary.Smart,c7aWGk=g,"OU=Marketing,DC=labdomain,DC=com",Marketing,Mary,J,Smart,985-705-6763,Mary.Smart@activedirectorypro.com,2760 Woodland Avenue,Metairie,LA,70001,US,1044
Timmy.Snow,W9f2[xn4,"OU=Marketing,DC=labdomain,DC=com",Marketing,Timmy,T,Snow,336-566-7831,Timmy.Snow@activedirectorypro.com,1170 Ingram Road,Asheboro,NC,27203,US,1045
Jared.Dietz,v^X5Qk.Z,"OU=Marketing,DC=labdomain,DC=com",Marketing,Jared,C,Dietz,772-221-0223,Jared.Dietz@activedirectorypro.com,2432 Elkview Drive,Stuart,FL,34994,US,1046
Shannon.Key,VsU>F[96,"OU=Marketing,DC=labdomain,DC=com",Marketing,Shannon,M,Key,908-598-7681,Shannon.Key@activedirectorypro.com,2294 Caynor Circle,Summit,NJ,7901,US,1047
Leo.Puente,/v93J$r6,"OU=Marketing,DC=labdomain,DC=com",Marketing,Leo,E,Puente,773-592-8062,Leo.Puente@activedirectorypro.com,4173 Virginia Street,Chicago,IL,60631,US,1048
Minnie.James,yyBHp%L9,"OU=Marketing,DC=labdomain,DC=com",Marketing,Minnie,G,James,808-627-7882,Minnie.James@activedirectorypro.com,113 Indiana Avenue,Mililani,HI,96789,US,1049
Irene.Terrell,e@2S]5Uq,"OU=Marketing,DC=labdomain,DC=com",Marketing,Irene,J,Terrell,318-663-4940,Irene.Terrell@activedirectorypro.com,1964 Emerson Road,Shreveport,LA,71101,US,1050
Lionel.Garey,xwy$+Y9d,"OU=Marketing,DC=labdomain,DC=com",Marketing,Lionel,T,Garey,225-715-1914,Lionel.Garey@activedirectorypro.com,366 Eva Pearl Street,Baton Rouge,LA,70814,US,1051
Renee.Stone,Mqt}6BwG,"OU=Marketing,DC=labdomain,DC=com",Marketing,Renee,J,Stone,336-881-9875,Renee.Stone@activedirectorypro.com,1505 Fire Access Road,High Point,NC,27260,US,1052
Jenna.Rushton,B4*T=Yq@,"OU=Marketing,DC=labdomain,DC=com",Marketing,Jenna,M,Rushton,404-568-4939,Jenna.Rushton@activedirectorypro.com,530 Junior Avenue,Atlanta,GA,30342,US,1053
Michelle.Tobin,^Pm8@*sP,"OU=Marketing,DC=labdomain,DC=com",Marketing,Michelle,W,Tobin,614-727-4508,Michelle.Tobin@activedirectorypro.com,593 Palmer Road,Columbus,OH,43212,US,1054
Roger.Porter,=662AcE5,"OU=Marketing,DC=labdomain,DC=com",Marketing,Roger,B,Porter,856-336-8811,Roger.Porter@activedirectorypro.com,2515 Lee Avenue,Pennsauken,NJ,8110,US,1055
Bridget.Griffing,7w}@nKZk,"OU=Marketing,DC=labdomain,DC=com",Marketing,Bridget,N,Griffing,646-865-7318,Bridget.Griffing@activedirectorypro.com,785 Forest Avenue,New York,NY,10016,US,1056
Roy.Gully,G{.xZ8/B,"OU=Marketing,DC=labdomain,DC=com",Marketing,Roy,C,Gully,720-744-3789,Roy.Gully@activedirectorypro.com,84 Clay Lick Road,Denver,CO,80014,US,1057
Sherry.Eastman,Dmy5)Jhn,"OU=Marketing,DC=labdomain,DC=com",Marketing,Sherry,J,Eastman,334-561-6230,Sherry.Eastman@activedirectorypro.com,130 Turkey Pen Lane,Montgomery,AL,36104,US,1058
Willard.Beeks,d4-!C7c^,"OU=Marketing,DC=labdomain,DC=com",Accounting,Willard,P,Beeks,541-698-9688,Willard.Beeks@activedirectorypro.com,1998 Buena Vista Avenue,Coos Bay,OR,97420,US,1335
Mona.Clarke,2UxGDh^.,"OU=Marketing,DC=labdomain,DC=com",Accounting,Mona,J,Clarke,773-724-4185,Mona.Clarke@activedirectorypro.com,1957 Vesta Drive,Hickory Hills,IL,60457,US,1336
Joel.Johnson,p$_5J*gT,"OU=Marketing,DC=labdomain,DC=com",Accounting,Joel,R,Johnson,704-790-7910,Joel.Johnson@activedirectorypro.com,1643 Harry Place,Charlotte,NC,28202,US,1337
Patricia.Demartini,2W8*2unj,"OU=Marketing,DC=labdomain,DC=com",Accounting,Patricia,H,Demartini,609-918-4366,Patricia.Demartini@activedirectorypro.com,3177 Whiteman Street,Hightstown,NJ,8520,US,1338
Ivan.Barrett,g5Pd/GfP,"OU=Marketing,DC=labdomain,DC=com",Accounting,Ivan,D,Barrett,314-342-3638,Ivan.Barrett@activedirectorypro.com,18 Bruce Street,Saint Louis,MO,63101,US,1339
Jennifer.Chamberlin,8s)(zU!u,"OU=Marketing,DC=labdomain,DC=com",Accounting,Jennifer,E,Chamberlin,512-268-1936,Jennifer.Chamberlin@activedirectorypro.com,2674 Sundown Lane,Kyle,TX,78640,US,1340
Alice.Mills,{e455qD?,"OU=Marketing,DC=labdomain,DC=com",Accounting,Alice,R,Mills,863-367-0628,Alice.Mills@activedirectorypro.com,889 Tetrick Road,Cypress Gardens,FL,33884,US,1341
Patricia.McIntyre,mx9*D$V^,"OU=Marketing,DC=labdomain,DC=com",Accounting,Patricia,R,McIntyre,217-804-5216,Patricia.McIntyre@activedirectorypro.com,2242 Spring Street,Mattoon,IL,61938,US,1342
Maryln.Wiggins,7A>-Z-+t,"OU=Marketing,DC=labdomain,DC=com",Accounting,Maryln,C,Wiggins,530-328-4242,Maryln.Wiggins@activedirectorypro.com,864 Riverwood Drive,Sacramento,CA,95814,US,1343
Jonathan.Percival,)xEs5yGJ,"OU=Marketing,DC=labdomain,DC=com",Accounting,Jonathan,T,Percival,323-449-0664,Jonathan.Percival@activedirectorypro.com,3692 Red Maple Drive,City Of Commerce,CA,90040,US,1344
Carol.Watts,]J8uv&Ny,"OU=Marketing,DC=labdomain,DC=com",Accounting,Carol,O,Watts,530-566-9671,Carol.Watts@activedirectorypro.com,2455 Hill Croft Farm Road,Chico,CA,95928,US,1345
Kathleen.Walters,Z-y2G}&V,"OU=Marketing,DC=labdomain,DC=com",Accounting,Kathleen,T,Walters,505-559-0280,Kathleen.Walters@activedirectorypro.com,3684 Bird Street,Albuquerque,NM,87112,US,1346
Thanh.Lee,qh5tB{9j,"OU=Marketing,DC=labdomain,DC=com",Accounting,Thanh,M,Lee,406-978-7614,Thanh.Lee@activedirectorypro.com,2639 Coolidge Street,Baker,MT,59313,US,1347
Martina.Sims,@CHDx-C4,"OU=Marketing,DC=labdomain,DC=com",Accounting,Martina,W,Sims,404-535-9973,Martina.Sims@activedirectorypro.com,2279 Clement Street,Atlanta,GA,30303,US,1348
Randolph.Adams,2Hf4P_fE,"OU=Marketing,DC=labdomain,DC=com",Accounting,Randolph,K,Adams,601-606-0359,Randolph.Adams@activedirectorypro.com,2111 Walnut Street,Jackson,MS,39201,US,1349
Larry.James,=7D8?vcL,"OU=Marketing,DC=labdomain,DC=com",Accounting,Larry,E,James,727-562-8385,Larry.James@activedirectorypro.com,4589 Maryland Avenue,Clearwater,FL,34623,US,1350
Jean.Robertson,V9j*a>R6,"OU=Marketing,DC=labdomain,DC=com",Accounting,Jean,B,Robertson,812-631-1474,Jean.Robertson@activedirectorypro.com,4791 Neville Street,Chandler,IN,47610,US,1351
Kendra.Shreve,V&pH/9qY,"OU=Marketing,DC=labdomain,DC=com",Accounting,Kendra,B,Shreve,919-429-1885,Kendra.Shreve@activedirectorypro.com,159 Jennifer Lane,Garner,NC,27529,US,1352
Briana.Reynolds,4]*cETep,"OU=Marketing,DC=labdomain,DC=com",Accounting,Briana,J,Reynolds,757-428-0805,Briana.Reynolds@activedirectorypro.com,4495 Murry Street,Virginia Beach,VA,23451,US,1353
Preston.Fowler,y2C_Qz.4,"OU=Marketing,DC=labdomain,DC=com",Accounting,Preston,C,Fowler,907-929-1139,Preston.Fowler@activedirectorypro.com,4887 Kidd Avenue,Anchorage,AK,99504,US,1354
Mary.Madden,3qQ$D)%R,"OU=Marketing,DC=labdomain,DC=com",Accounting,Mary,W,Madden,814-532-9570,Mary.Madden@activedirectorypro.com,3336 Harley Brook Lane,Johnstown,PA,15901,US,1355
Beverly.Benavides,@$r6tXYg,"OU=Marketing,DC=labdomain,DC=com",Accounting,Beverly,S,Benavides,504-464-0369,Beverly.Benavides@activedirectorypro.com,1021 Paul Wayne Haggerty Road,Kenner,LA,70065,US,1356
Robert.Nealey,dC47bZU>,"OU=Marketing,DC=labdomain,DC=com",Accounting,Robert,J,Nealey,212-820-2128,Robert.Nealey@activedirectorypro.com,85 Small Street,New York,NY,10038,US,1357
Kristine.Hone,5DE}Q%)v,"OU=Marketing,DC=labdomain,DC=com",Accounting,Kristine,P,Hone,402-763-9063,Kristine.Hone@activedirectorypro.com,3394 North Avenue,Omaha,NE,68154,US,1358
Harold.Hardy,dQ45%A4?,"OU=Marketing,DC=labdomain,DC=com",Accounting,Harold,P,Hardy,920-460-9029,Harold.Hardy@activedirectorypro.com,4039 Sycamore Lake Road,Menasha,WI,54952,US,1359
Julia.Bradley,zN@8J7kp,"OU=Marketing,DC=labdomain,DC=com",Accounting,Julia,B,Bradley,734-448-0818,Julia.Bradley@activedirectorypro.com,1206 Charles Street,Southfield,MI,48075,US,1360
Chance.Glazier,&4vn{qGR,"OU=Marketing,DC=labdomain,DC=com",Accounting,Chance,A,Glazier,765-613-9517,Chance.Glazier@activedirectorypro.com,2681 Capitol Avenue,Indianapolis,IN,46225,US,1361
Claire.Stell,-d-XQ8%g,"OU=Marketing,DC=labdomain,DC=com",Accounting,Claire,K,Stell,607-455-7140,Claire.Stell@activedirectorypro.com,3259 Cliffside Drive,Binghamton,NY,13901,US,1362
Ima.Kim,CL5$uv*P,"OU=Marketing,DC=labdomain,DC=com",Accounting,Ima,R,Kim,781-916-1844,Ima.Kim@activedirectorypro.com,2427 Hummingbird Way,Charlestown,MA,2129,US,1363
Jill.Schnell,^jqF3-r],"OU=Marketing,DC=labdomain,DC=com",Accounting,Jill,B,Schnell,651-373-3685,Jill.Schnell@activedirectorypro.com,4 Bryan Avenue,Minneapolis,MN,55415,US,1364
Donald.Ruben,n2->jpMY,"OU=Marketing,DC=labdomain,DC=com",Accounting,Donald,E,Ruben,724-499-7207,Donald.Ruben@activedirectorypro.com,17 Shinn Avenue,Rogersville,PA,15359,US,1365
James.Arthur,Y(d7Cx4!,"OU=Marketing,DC=labdomain,DC=com",Accounting,James,L,Arthur,952-491-5436,James.Arthur@activedirectorypro.com,268 Oral Lake Road,Mound,MN,55364,US,1366
Latonya.Newsome,!5tTfLWD,"OU=Marketing,DC=labdomain,DC=com",Accounting,Latonya,M,Newsome,717-576-0279,Latonya.Newsome@activedirectorypro.com,3379 Lincoln Drive,Harrisburg,PA,17111,US,1367
Helen.Bailey,}%Y@3qP5,"OU=Marketing,DC=labdomain,DC=com",Accounting,Helen,R,Bailey,989-884-4510,Helen.Bailey@activedirectorypro.com,3387 Juniper Drive,Saginaw,MI,48601,US,1368
Edna.Payne,d6$3URAn,"OU=Marketing,DC=labdomain,DC=com",Accounting,Edna,J,Payne,319-759-3952,Edna.Payne@activedirectorypro.com,3525 Pyramid Valley Road,Burlington,IA,52601,US,1369
Billy.Russo,WU2E_HQq,"OU=Marketing,DC=labdomain,DC=com",Accounting,Billy,S,Russo,603-878-8072,Billy.Russo@activedirectorypro.com,1735 Peck Street,Greenville,NH,3048,US,1370
Nathan.Westberg,mW9!w4{m,"OU=Marketing,DC=labdomain,DC=com",Accounting,Nathan,M,Westberg,225-768-0584,Nathan.Westberg@activedirectorypro.com,14 Eva Pearl Street,Baton Rouge,LA,70810,US,1371
Scott.Ruiz,6_VkuwaE,"OU=Marketing,DC=labdomain,DC=com",Accounting,Scott,K,Ruiz,808-334-7337,Scott.Ruiz@activedirectorypro.com,4126 Stratford Drive,Kona,HI,96740,US,1372
Lilia.Benedetti,$8G.6Hh8,"OU=Marketing,DC=labdomain,DC=com",Accounting,Lilia,J,Benedetti,339-686-8478,Lilia.Benedetti@activedirectorypro.com,2449 Hillside Drive,Charlestown,MA,2129,US,1373
Preston.Addison,&{t3m6Ey,"OU=Marketing,DC=labdomain,DC=com",Accounting,Preston,C,Addison,617-722-9924,Preston.Addison@activedirectorypro.com,3160 Valley View Drive,Boston,MA,2114,US,1374
Carlos.Richmond,tk}n3UUp,"OU=Marketing,DC=labdomain,DC=com",Accounting,Carlos,N,Richmond,781-593-6110,Carlos.Richmond@activedirectorypro.com,4449 Single Street,Lynn,MA,1901,US,1375
Moriah.Mitchell,uK{nX-3c,"OU=Marketing,DC=labdomain,DC=com",Accounting,Moriah,R,Mitchell,508-697-4291,Moriah.Mitchell@activedirectorypro.com,724 Randolph Street,Bridgewater,MA,2324,US,1376
Nora.Lindberg,j5/rZAwf,"OU=Marketing,DC=labdomain,DC=com",Accounting,Nora,M,Lindberg,505-628-1024,Nora.Lindberg@activedirectorypro.com,4153 Bird Street,Carlsbad,NM,88220,US,1377
Christopher.Monk,KFm8w}YC,"OU=Marketing,DC=labdomain,DC=com",Accounting,Christopher,G,Monk,213-741-0469,Christopher.Monk@activedirectorypro.com,3512 Canis Heights Drive,Los Angeles,CA,90007,US,1378
Martin.Stevens,!7]dcM7},"OU=Marketing,DC=labdomain,DC=com",Accounting,Martin,L,Stevens,925-837-7487,Martin.Stevens@activedirectorypro.com,3826 Beech Street,Danville,CA,94526,US,1379
Rufus.Cruz,g9hN*wtt,"OU=Marketing,DC=labdomain,DC=com",Accounting,Rufus,H,Cruz,586-883-9945,Rufus.Cruz@activedirectorypro.com,1475 Reppert Coal Road,Westland,MI,48185,US,1380
Mildred.Keeling,_Z7%ySHC,"OU=Marketing,DC=labdomain,DC=com",Accounting,Mildred,C,Keeling,916-410-6859,Mildred.Keeling@activedirectorypro.com,2885 Park Avenue,Mcclellan Afb,CA,95652,US,1381
Michael.Banks,AuD5/f9G,"OU=Marketing,DC=labdomain,DC=com",Accounting,Michael,B,Banks,503-785-4171,Michael.Banks@activedirectorypro.com,1399 Heron Way,Milwaukie,OR,97222,US,1382
Daniel.Evans,9DU-3.Fw,"OU=Marketing,DC=labdomain,DC=com",Accounting,Daniel,A,Evans,507-866-8915,Daniel.Evans@activedirectorypro.com,1582 Pineview Drive,Huntley,MN,56047,US,1383
